auc_with,auc_without,brier_with,brier_without,improvement
0.9994698372821831,0.9994701577190025,0.001435209093168466,0.001435269642791412,-3.2043681941207325e-07
