Model,AUC,Brier,Best_C,Type,Best_depth
Logistic Regression,0.8172106997480132,0.15345443049587656,0.01,Statistical,
XGBoost,0.8111029269238225,0.004698134473691533,,Machine Learning,3.0
World Model,0.7936441170769528,0.004974351100328405,,World Model,5.0
