Year,Mean_ED_Visits,SE,Frequent_User_Pct
2019,0.22818462401795736,0.004039620928939145,0.6734006734006733
2020,0.17302643409458732,0.003561949471456203,0.45675238266498835
2021,0.19212309429700733,0.003623877465091102,0.4834839073969509
2022,0.2043600374481744,0.004335534478380782,0.6241362400249655
